,tramite_tipo,tramite_fecha,fecha_inscripcion_inicial,registro_seccional_codigo,registro_seccional_descripcion,registro_seccional_provincia,automotor_origen,automotor_anio_modelo,automotor_tipo_codigo,automotor_tipo_descripcion,automotor_marca_codigo,automotor_marca_descripcion,automotor_modelo_codigo,automotor_modelo_descripcion,automotor_uso_codigo,automotor_uso_descripcion,titular_tipo_persona,titular_domicilio_localidad,titular_domicilio_provincia,titular_genero,titular_anio_nacimiento,titular_pais_nacimiento,titular_porcentaje_titularidad,titular_domicilio_provincia_id,titular_pais_nacimiento_id,id
2056,TRANSFERENCIA NACIONAL,2023-05-15,2023-05-15,9004,FORMOSA Nº 2,Formosa,Nacional,2023.0,93,C.C/C.DORM. CAJA TERM.Y P.H,67,IVECO,DN,240E28NLM54,0.0,Oficial,Jurídica,FORMOSA,FORMOSA,No aplica,2016.0,No aplica,100,34,,2057
7807,TRANSFERENCIA NACIONAL C/PEDIDO,2023-05-08,2019-02-28,9006,FORMOSA Nº 4,Formosa,Nacional,2019.0,40,TODO TERRENO,68,TOYOTA,AK,SW4 4X4 SRX 2.8 TDI 6 M/T 7A,1.0,Privado,Física,FORMOSA,FORMOSA,Femenino,1997.0,ARGENTINA,100,34,ARG,7808
7809,TRANSFERENCIA NACIONAL,2023-05-09,2021-02-12,9005,FORMOSA Nº 3,Formosa,Nacional,2021.0,40,TODO TERRENO,68,TOYOTA,BW,SW4 4X4 SRX 2.8 TDI 6 AT 7A,1.0,Privado,Física,VILLA ALLENDE,FORMOSA,Masculino,1960.0,ARGENTINA,100,34,ARG,7810
7811,TRANSFERENCIA NACIONAL,2023-05-18,2016-05-20,9005,FORMOSA Nº 3,Formosa,Nacional,2016.0,40,TODO TERRENO,68,TOYOTA,AJ,SW4 4X4 SRX 2.8 TDI 6 A/T 7A,1.0,Privado,Física,FORMOSA,FORMOSA,Masculino,1979.0,ARGENTINA,100,34,ARG,7812
7817,TRANSFERENCIA NACIONAL,2023-05-19,2019-03-13,9005,FORMOSA Nº 3,Formosa,Nacional,2019.0,40,TODO TERRENO,68,TOYOTA,AJ,SW4 4X4 SRX 2.8 TDI 6 A/T 7A,1.0,Privado,Física,HERRADURA,FORMOSA,Masculino,1981.0,ARGENTINA,100,34,ARG,7818
8859,TRANSFERENCIA NACIONAL,2023-05-15,2019-10-30,9001,CLORINDA,Formosa,Nacional,2019.0,31,SEMIRREMOLQUE,AF,HERMANN,GB,BARANDA VOLCABLE S.BV.3E.67 1+1+1,1.0,Privado,Jurídica,FORMOSA,FORMOSA,No aplica,2019.0,No aplica,100,34,,8860
11743,TRANSFERENCIA NACIONAL C/PEDIDO,2023-05-24,2021-08-06,9003,FORMOSA Nº 1,Formosa,Nacional,2021.0,26,CHASIS CON CABINA,29,MERCEDES BENZ,GJ,ACCELO 1016 / 39,1.0,Privado,Física,FORMOSA,FORMOSA,Masculino,1971.0,ARGENTINA,100,34,ARG,11744
13957,TRANSFERENCIA NACIONAL,2023-05-11,2016-03-31,9001,CLORINDA,Formosa,Nacional,2016.0,22,FURGON,37,RENAULT,ZF,KANGOO PH3 CONFORT 1.6 5ASIENTOS 2P,1.0,Privado,Física,CLORINDA,FORMOSA,Femenino,1977.0,ARGENTINA,100,34,ARG,13958
13964,TRANSFERENCIA NACIONAL,2023-05-11,2022-02-17,9005,FORMOSA Nº 3,Formosa,Nacional,2022.0,22,FURGON,37,RENAULT,3B,KANGOO II EXPRESS CONFORT 1.6 SCE,1.0,Privado,Física,VILLA ESCOLAR,FORMOSA,Masculino,1963.0,ARGENTINA,100,34,ARG,13965
13977,TRANSFERENCIA NACIONAL,2023-05-09,2017-05-29,9002,EL COLORADO,Formosa,Nacional,2017.0,22,FURGON,37,RENAULT,ZF,KANGOO PH3 CONFORT 1.6 5ASIENTOS 2P,1.0,Privado,Física,GENERAL MANUEL BELGRANO,FORMOSA,Masculino,1989.0,ARGENTINA,100,34,ARG,13978
13989,TRANSFERENCIA NACIONAL C/PEDIDO,2023-05-31,2017-06-05,9002,EL COLORADO,Formosa,Nacional,2017.0,22,FURGON,37,RENAULT,ZF,KANGOO PH3 CONFORT 1.6 5ASIENTOS 2P,1.0,Privado,Física,MAYOR VICENTE VILLAFAÑE,FORMOSA,Masculino,1980.0,ARGENTINA,100,34,ARG,13990
14001,TRANSFERENCIA NACIONAL,2023-05-22,2023-05-22,9004,FORMOSA Nº 2,Formosa,Nacional,2023.0,22,FURGON,37,RENAULT,3L,KANGOO II EXPRESS CONFORT 5A 1.6 SCE,0.0,Oficial,Jurídica,FORMOSA,FORMOSA,No aplica,2004.0,No aplica,100,34,,14002
14042,TRANSFERENCIA NACIONAL,2023-05-18,2018-02-28,9006,FORMOSA Nº 4,Formosa,Nacional,2018.0,22,FURGON,34,PEUGEOT,NV,PARTNER CONFORT 1.6,1.0,Privado,Física,LA TABLADA,FORMOSA,Masculino,1996.0,ARGENTINA,100,34,ARG,14043
26673,TRANSFERENCIA NACIONAL,2023-05-24,2018-08-15,9002,EL COLORADO,Formosa,Nacional,2016.0,20,PICK-UP,68,TOYOTA,AD,HILUX 4X2 D/C DX 2.4 TDI 6 M/T,1.0,Privado,Física,RESISTENCIA,FORMOSA,Femenino,1991.0,ARGENTINA,100,34,ARG,26674
26675,TRANSFERENCIA NACIONAL,2023-05-24,2019-07-11,9002,EL COLORADO,Formosa,Nacional,2019.0,20,PICK-UP,68,TOYOTA,95,HILUX 4X4 D/C SRV 2.8 TDI 6 M/T,1.0,Privado,Física,COMANDANTE FONTANA,FORMOSA,Masculino,1951.0,ARGENTINA,100,34,ARG,26676
26677,TRANSFERENCIA NACIONAL,2023-05-29,2017-03-29,9002,EL COLORADO,Formosa,Nacional,2017.0,20,PICK-UP,53,VOLKSWAGEN,5L,AMAROK DC 2.0L TDI 180 CV 4X2 303,1.0,Privado,Física,PALO SANTO,FORMOSA,Masculino,1988.0,ARGENTINA,50,34,ARG,26678
26682,TRANSFERENCIA NACIONAL C/PEDIDO,2023-05-30,2022-08-24,9002,EL COLORADO,Formosa,Nacional,2022.0,20,PICK-UP,68,TOYOTA,BR,HILUX 4X2 DC SR 2.4 TDI 6 MT,1.0,Privado,Física,PIRANE,FORMOSA,Masculino,1965.0,ARGENTINA,100,34,ARG,26683
26685,TRANSFERENCIA NACIONAL C/PEDIDO,2023-05-12,2017-01-13,9002,EL COLORADO,Formosa,Nacional,2017.0,20,PICK-UP,68,TOYOTA,AC,HILUX 4X2 D/C SR 2.4 TDI 6 M/T,1.0,Privado,Física,COMANDANTE FONTANA,FORMOSA,Femenino,1987.0,ARGENTINA,100,34,ARG,26686
26686,TRANSFERENCIA NACIONAL,2023-05-18,2022-10-19,9002,EL COLORADO,Formosa,Nacional,2022.0,20,PICK-UP,68,TOYOTA,CD,HILUX 4X2 DC SRV 2.8 TDI 6 AT,1.0,Privado,Física,MISION SAN FRANCISCO DE LAISHI,FORMOSA,Femenino,1991.0,ARGENTINA,100,34,ARG,26687
26692,TRANSFERENCIA NACIONAL C/PEDIDO,2023-05-10,2016-03-01,9002,EL COLORADO,Formosa,Nacional,2016.0,20,PICK-UP,68,TOYOTA,AF,HILUX 4X2 C/S DX 2.4 TDI 6 M/T,1.0,Privado,Física,EL COLORADO,FORMOSA,Masculino,1982.0,ARGENTINA,100,34,ARG,26693
26697,TRANSFERENCIA NACIONAL C/PEDIDO,2023-05-10,2019-06-04,9002,EL COLORADO,Formosa,Nacional,2019.0,20,PICK-UP,68,TOYOTA,AT,HILUX 4X2 D/C SRX 2.8 TDI 6 A/T,1.0,Privado,Física,EL COLORADO,FORMOSA,Masculino,1977.0,ARGENTINA,100,34,ARG,26698
26702,TRANSFERENCIA NACIONAL,2023-05-18,2018-01-31,9002,EL COLORADO,Formosa,Nacional,2018.0,20,PICK-UP,68,TOYOTA,AV,HILUX 4X2 D/C SRV 2.8 TDI 6 A/T,1.0,Privado,Física,FORMOSA,FORMOSA,Femenino,1989.0,ARGENTINA,50,34,ARG,26703
26704,TRANSFERENCIA NACIONAL,2023-05-19,2018-04-10,9002,EL COLORADO,Formosa,Nacional,2018.0,20,PICK-UP,68,TOYOTA,AB,HILUX 4X2 D/C SRV 2.8 TDI 6 M/T,1.0,Privado,Física,MAYOR VICENTE VILLAFAÑE,FORMOSA,Femenino,1981.0,ARGENTINA,100,34,ARG,26705
26711,TRANSFERENCIA NACIONAL,2023-05-23,2019-09-20,9003,FORMOSA Nº 1,Formosa,Nacional,2019.0,20,PICK-UP,53,VOLKSWAGEN,7Y,AMAROK DC 2.0L TDI 180CV COMFORTLINE 4X2 MAN EU5,1.0,Privado,Física,PIRANE,FORMOSA,Masculino,1972.0,ARGENTINA,100,34,ARG,26712
26714,TRANSFERENCIA NACIONAL,2023-05-29,2019-08-28,9003,FORMOSA Nº 1,Formosa,Nacional,2019.0,20,PICK-UP,68,TOYOTA,AB,HILUX 4X2 D/C SRV 2.8 TDI 6 M/T,1.0,Privado,Jurídica,FORMOSA,FORMOSA,No aplica,2008.0,No aplica,100,34,,26715
26716,TRANSFERENCIA NACIONAL,2023-05-29,2018-05-09,9003,FORMOSA Nº 1,Formosa,Nacional,2018.0,20,PICK-UP,68,TOYOTA,AT,HILUX 4X2 D/C SRX 2.8 TDI 6 A/T,1.0,Privado,Física,CLORINDA,FORMOSA,Masculino,1981.0,ARGENTINA,100,34,ARG,26717
26726,TRANSFERENCIA NACIONAL,2023-05-03,2018-11-08,9004,FORMOSA Nº 2,Formosa,Nacional,2018.0,20,PICK-UP,68,TOYOTA,92,HILUX 4X4 D/C SRX 2.8 TDI 6 A/T,1.0,Privado,Física,ITACARUARE,FORMOSA,Femenino,1966.0,ARGENTINA,65,34,ARG,26727
26729,TRANSFERENCIA NACIONAL,2023-05-11,2023-04-20,9003,FORMOSA Nº 1,Formosa,Nacional,2023.0,20,PICK-UP,53,VOLKSWAGEN,8M,AMAROK COMFORTLINE 4X2 AUT 2.0L TDI 180 CV,1.0,Privado,Física,FORMOSA,FORMOSA,Masculino,1968.0,ARGENTINA,100,34,ARG,26730
26730,TRANSFERENCIA NACIONAL C/PEDIDO,2023-05-31,2018-02-21,9002,EL COLORADO,Formosa,Nacional,2018.0,20,PICK-UP,68,TOYOTA,98,HILUX 4X4 C/S DX 2.4 TDI 6 M/T,1.0,Privado,Física,LAS LOMITAS,FORMOSA,Masculino,1997.0,ARGENTINA,100,34,ARG,26731
26731,TRANSFERENCIA NACIONAL,2023-05-04,2016-05-27,9003,FORMOSA Nº 1,Formosa,Nacional,2016.0,20,PICK-UP,68,TOYOTA,92,HILUX 4X4 D/C SRX 2.8 TDI 6 A/T,1.0,Privado,Jurídica,FORMOSA,FORMOSA,No aplica,2019.0,No aplica,100,34,,26732
26732,TRANSFERENCIA NACIONAL C/PEDIDO,2023-05-05,2019-04-22,9003,FORMOSA Nº 1,Formosa,Nacional,2019.0,20,PICK-UP,68,TOYOTA,93,HILUX 4X4 D/C SRX 2.8 TDI 6 M/T,1.0,Privado,Física,FORMOSA,FORMOSA,Masculino,1977.0,ARGENTINA,100,34,ARG,26733
26735,TRANSFERENCIA NACIONAL,2023-05-05,2017-03-20,9003,FORMOSA Nº 1,Formosa,Nacional,2017.0,20,PICK-UP,53,VOLKSWAGEN,5J,AMAROK DC 2.0L TDI 140 CV 4X2 083,1.0,Privado,Física,FORMOSA,FORMOSA,Femenino,1978.0,ARGENTINA,100,34,ARG,26736
26736,TRANSFERENCIA NACIONAL,2023-05-05,2023-02-24,9003,FORMOSA Nº 1,Formosa,Nacional,2023.0,20,PICK-UP,53,VOLKSWAGEN,8U,AMAROK EXTREME V6 3.0L 258 CV,1.0,Privado,Física,FORMOSA,FORMOSA,Masculino,1968.0,ARGENTINA,100,34,ARG,26737
26740,TRANSFERENCIA NACIONAL,2023-05-11,2016-05-24,9003,FORMOSA Nº 1,Formosa,Nacional,2016.0,20,PICK-UP,68,TOYOTA,AA,HILUX 4X2 D/C SRV PACK 2.8 TDI 6 M/T,1.0,Privado,Física,FORMOSA,FORMOSA,Masculino,1979.0,ARGENTINA,100,34,ARG,26741
26743,TRANSFERENCIA NACIONAL,2023-05-12,2017-06-26,9003,FORMOSA Nº 1,Formosa,Nacional,2017.0,20,PICK-UP,68,TOYOTA,94,HILUX 4X4 D/C SRV 2.8 TDI 6 A/T,1.0,Privado,Física,OBERA,FORMOSA,Masculino,1981.0,ARGENTINA,100,34,ARG,26744
26745,TRANSFERENCIA NACIONAL,2023-05-15,2023-01-12,9003,FORMOSA Nº 1,Formosa,Nacional,2023.0,20,PICK-UP,53,VOLKSWAGEN,8U,AMAROK EXTREME V6 3.0L 258 CV,1.0,Privado,Jurídica,CHARATA,FORMOSA,No aplica,2003.0,No aplica,100,34,,26746
26750,TRANSFERENCIA NACIONAL,2023-05-17,2022-12-01,9003,FORMOSA Nº 1,Formosa,Nacional,2022.0,20,PICK-UP,53,VOLKSWAGEN,8U,AMAROK EXTREME V6 3.0L 258 CV,1.0,Privado,Jurídica,FORMOSA,FORMOSA,No aplica,2007.0,No aplica,100,34,,26751
26763,TRANSFERENCIA NACIONAL,2023-05-09,2016-07-28,9001,CLORINDA,Formosa,Nacional,2016.0,20,PICK-UP,68,TOYOTA,AC,HILUX 4X2 D/C SR 2.4 TDI 6 M/T,1.0,Privado,Física,LAGUNA NAICK NECK,FORMOSA,Masculino,1998.0,ARGENTINA,100,34,ARG,26764
26769,TRANSFERENCIA NACIONAL C/PEDIDO,2023-05-03,2016-05-12,9001,CLORINDA,Formosa,Nacional,2016.0,20,PICK-UP,53,VOLKSWAGEN,WH,AMAROK 2.0L TDI 140 CV 4X2 348,1.0,Privado,Física,LAGUNA NAINECK,FORMOSA,Masculino,1990.0,ARGENTINA,100,34,ARG,26770
26770,TRANSFERENCIA NACIONAL,2023-05-03,2018-07-19,9001,CLORINDA,Formosa,Nacional,2018.0,20,PICK-UP,68,TOYOTA,AD,HILUX 4X2 D/C DX 2.4 TDI 6 M/T,1.0,Privado,Física,FORMOSA,FORMOSA,Masculino,1957.0,ARGENTINA,100,34,ARG,26771
26771,TRANSFERENCIA NACIONAL,2023-05-04,2018-03-14,9001,CLORINDA,Formosa,Nacional,2018.0,20,PICK-UP,19,FORD,ZG,RANGER DC 4X2 XL 2.2L D,1.0,Privado,Física,LAGUNA NAICK NECK,FORMOSA,Masculino,1968.0,ARGENTINA,100,34,ARG,26772
26773,TRANSFERENCIA NACIONAL,2023-05-04,2018-07-19,9001,CLORINDA,Formosa,Nacional,2018.0,20,PICK-UP,68,TOYOTA,AD,HILUX 4X2 D/C DX 2.4 TDI 6 M/T,1.0,Privado,Física,MISION SAN FRANCISCO DE LAISHI,FORMOSA,Masculino,1987.0,ARGENTINA,100,34,ARG,26774
26812,TRANSFERENCIA NACIONAL,2023-05-05,2019-02-22,9001,CLORINDA,Formosa,Nacional,2019.0,20,PICK-UP,AC,NISSAN,05,FRONTIER CD XE 2.3 D 4X2 MT,1.0,Privado,Física,CLORINDA,FORMOSA,Masculino,1987.0,ARGENTINA,100,34,ARG,26813
26813,TRANSFERENCIA NACIONAL C/PEDIDO,2023-05-23,2016-03-31,9002,EL COLORADO,Formosa,Nacional,2016.0,20,PICK-UP,68,TOYOTA,95,HILUX 4X4 D/C SRV 2.8 TDI 6 M/T,1.0,Privado,Física,EL COLORADO,FORMOSA,Masculino,1998.0,ARGENTINA,100,34,ARG,26814
26814,TRANSFERENCIA NACIONAL,2023-05-22,2018-04-17,9001,CLORINDA,Formosa,Nacional,2018.0,20,PICK-UP,68,TOYOTA,AT,HILUX 4X2 D/C SRX 2.8 TDI 6 A/T,1.0,Privado,Física,FORMOSA,FORMOSA,Masculino,1975.0,ARGENTINA,100,34,ARG,26815
26815,TRANSFERENCIA NACIONAL,2023-05-02,2021-03-25,9004,FORMOSA Nº 2,Formosa,Nacional,2021.0,20,PICK-UP,53,VOLKSWAGEN,8A,AMAROK DC V6 3.0L 258 CV TDI 4X4 AT,1.0,Privado,Física,FORMOSA,FORMOSA,Femenino,1974.0,ARGENTINA,100,34,ARG,26816
26818,TRANSFERENCIA NACIONAL,2023-05-03,2017-07-20,9002,EL COLORADO,Formosa,Nacional,2017.0,20,PICK-UP,68,TOYOTA,AC,HILUX 4X2 D/C SR 2.4 TDI 6 M/T,1.0,Privado,Jurídica,COMANDANTE FONTANA,FORMOSA,No aplica,2019.0,No aplica,100,34,,26819
26820,TRANSFERENCIA NACIONAL C/PEDIDO,2023-05-02,2016-04-19,9002,EL COLORADO,Formosa,Nacional,2016.0,20,PICK-UP,68,TOYOTA,96,HILUX 4X4 D/C SR 2.8 TDI 6 M/T,1.0,Privado,Física,LOS CHIRIGUANOS,FORMOSA,Masculino,1980.0,ARGENTINA,100,34,ARG,26821
26821,TRANSFERENCIA NACIONAL,2023-05-02,2016-01-08,9002,EL COLORADO,Formosa,Nacional,2016.0,20,PICK-UP,68,TOYOTA,AB,HILUX 4X2 D/C SRV 2.8 TDI 6 M/T,1.0,Privado,Física,SUBTENIENTE PERIN,FORMOSA,Masculino,1969.0,ARGENTINA,100,34,ARG,26822
26822,TRANSFERENCIA NACIONAL,2023-05-02,2016-09-23,9002,EL COLORADO,Formosa,Nacional,2016.0,20,PICK-UP,19,FORD,YU,NUEVA RANGER DC 4X2 XL 2.2L D,1.0,Privado,Física,MAYOR VICENTE VILLAFAÑE,FORMOSA,Masculino,1989.0,ARGENTINA,100,34,ARG,26823
26823,TRANSFERENCIA NACIONAL,2023-05-08,2018-03-20,9002,EL COLORADO,Formosa,Nacional,2018.0,20,PICK-UP,68,TOYOTA,AS,HILUX 4X2 D/C STD 2.4 TDI 6 M/T,1.0,Privado,Física,FORTIN LUGONES,FORMOSA,Masculino,1979.0,ARGENTINA,100,34,ARG,26824
26843,TRANSFERENCIA NACIONAL,2023-05-19,2016-11-29,9001,CLORINDA,Formosa,Nacional,2016.0,20,PICK-UP,68,TOYOTA,AA,HILUX 4X2 D/C SRV PACK 2.8 TDI 6 M/T,1.0,Privado,Física,CLORINDA,FORMOSA,Masculino,1976.0,ARGENTINA,100,34,ARG,26844
26846,TRANSFERENCIA NACIONAL C/PEDIDO,2023-05-22,2018-02-28,9001,CLORINDA,Formosa,Nacional,2018.0,20,PICK-UP,53,VOLKSWAGEN,4A,AMAROK DC 2.0L TDI 180 CV 796,1.0,Privado,Física,LAGUNA NAICK NECK,FORMOSA,Femenino,1989.0,ARGENTINA,100,34,ARG,26847
26847,TRANSFERENCIA NACIONAL C/PEDIDO,2023-05-22,2016-11-29,9001,CLORINDA,Formosa,Nacional,2016.0,20,PICK-UP,68,TOYOTA,AA,HILUX 4X2 D/C SRV PACK 2.8 TDI 6 M/T,1.0,Privado,Física,CLORINDA,FORMOSA,Femenino,1992.0,ARGENTINA,100,34,ARG,26848
26850,TRANSFERENCIA NACIONAL,2023-05-16,2016-08-08,9001,CLORINDA,Formosa,Nacional,2016.0,20,PICK-UP,68,TOYOTA,AB,HILUX 4X2 D/C SRV 2.8 TDI 6 M/T,1.0,Privado,Física,CLORINDA,FORMOSA,Masculino,2001.0,ARGENTINA,100,34,ARG,26851
26851,TRANSFERENCIA NACIONAL,2023-05-22,2023-05-22,9004,FORMOSA Nº 2,Formosa,Nacional,2023.0,20,PICK-UP,68,TOYOTA,BR,HILUX 4X2 DC SR 2.4 TDI 6 MT,0.0,Oficial,Jurídica,FORMOSA,FORMOSA,No aplica,1955.0,No aplica,100,34,,26852
26854,TRANSFERENCIA NACIONAL,2023-05-23,2023-05-23,9004,FORMOSA Nº 2,Formosa,Nacional,2023.0,20,PICK-UP,AC,NISSAN,16,FRONTIER S 4X4 MT 2.3 D CD,0.0,Oficial,Jurídica,FORMOSA,FORMOSA,No aplica,1994.0,No aplica,100,34,,26855
26855,TRANSFERENCIA NACIONAL,2023-05-23,2023-05-23,9004,FORMOSA Nº 2,Formosa,Nacional,2023.0,20,PICK-UP,AC,NISSAN,16,FRONTIER S 4X4 MT 2.3 D CD,0.0,Oficial,Jurídica,FORMOSA,FORMOSA,No aplica,1994.0,No aplica,100,34,,26856
26859,TRANSFERENCIA NACIONAL C/PEDIDO,2023-05-19,2017-11-14,9005,FORMOSA Nº 3,Formosa,Nacional,2017.0,20,PICK-UP,19,FORD,ZN,RANGER DC 4X4 XLT AT 3.2L D,1.0,Privado,Física,FORMOSA,FORMOSA,Masculino,1957.0,ARGENTINA,100,34,ARG,26860
26861,TRANSFERENCIA NACIONAL,2023-05-22,2023-05-22,9004,FORMOSA Nº 2,Formosa,Nacional,2023.0,20,PICK-UP,68,TOYOTA,BJ,HILUX 4X4 DC SRV 2.8 TDI 6 MT,0.0,Oficial,Jurídica,FORMOSA,FORMOSA,No aplica,1955.0,No aplica,100,34,,26862
26863,TRANSFERENCIA NACIONAL,2023-05-12,2018-10-01,9006,FORMOSA Nº 4,Formosa,Nacional,2018.0,20,PICK-UP,68,TOYOTA,96,HILUX 4X4 D/C SR 2.8 TDI 6 M/T,1.0,Privado,Jurídica,FORMOSA,FORMOSA,No aplica,2010.0,No aplica,100,34,,26864
26864,TRANSFERENCIA NACIONAL,2023-05-29,2022-04-01,9004,FORMOSA Nº 2,Formosa,Nacional,2022.0,20,PICK-UP,AC,NISSAN,10,FRONTIER CD X-GEAR 2.3 D 4X2 AT,1.0,Privado,Física,LAS LOMITAS,FORMOSA,Femenino,1958.0,ARGENTINA,100,34,ARG,26865
26866,TRANSFERENCIA NACIONAL,2023-05-23,2020-05-05,9005,FORMOSA Nº 3,Formosa,Nacional,2020.0,20,PICK-UP,68,TOYOTA,AC,HILUX 4X2 D/C SR 2.4 TDI 6 M/T,1.0,Privado,Física,FORMOSA,FORMOSA,Femenino,1990.0,ARGENTINA,100,34,ARG,26867
26867,TRANSFERENCIA NACIONAL,2023-05-23,2016-12-16,9005,FORMOSA Nº 3,Formosa,Nacional,2016.0,20,PICK-UP,53,VOLKSWAGEN,3V,AMAROK DC 2.0L TDI 140 CV 044,1.0,Privado,Física,FORMOSA,FORMOSA,Masculino,1983.0,ARGENTINA,100,34,ARG,26868
26885,TRANSFERENCIA NACIONAL,2023-05-04,2020-12-03,9005,FORMOSA Nº 3,Formosa,Nacional,2020.0,20,PICK-UP,68,TOYOTA,97,HILUX 4X4 D/C DX 2.4 TDI 6 M/T,1.0,Privado,Física,EL POTRILLO,FORMOSA,Masculino,1979.0,ARGENTINA,100,34,ARG,26886
26890,TRANSFERENCIA NACIONAL,2023-05-02,2018-01-09,9005,FORMOSA Nº 3,Formosa,Nacional,2018.0,20,PICK-UP,53,VOLKSWAGEN,3W,AMAROK DC 2.0L TDI 140 CV 646,1.0,Privado,Física,FORMOSA,FORMOSA,Masculino,1952.0,ARGENTINA,100,34,ARG,26891
26895,TRANSFERENCIA NACIONAL,2023-05-16,2021-08-27,9005,FORMOSA Nº 3,Formosa,Nacional,2021.0,20,PICK-UP,37,RENAULT,4H,ALASKAN ICONIC 4X4 AT,1.0,Privado,Física,FORMOSA,FORMOSA,Masculino,1978.0,ARGENTINA,100,34,ARG,26896
26898,TRANSFERENCIA NACIONAL,2023-05-19,2016-01-29,9006,FORMOSA Nº 4,Formosa,Nacional,2016.0,20,PICK-UP,19,FORD,XX,RANGER2 DC 4X2 XL SAFETY 2.2L DSL,1.0,Privado,Física,FORMOSA,FORMOSA,Masculino,1981.0,ARGENTINA,100,34,ARG,26899
26899,TRANSFERENCIA NACIONAL,2023-05-30,2018-03-02,9004,FORMOSA Nº 2,Formosa,Nacional,2018.0,20,PICK-UP,68,TOYOTA,92,HILUX 4X4 D/C SRX 2.8 TDI 6 A/T,1.0,Privado,Física,FORMOSA,FORMOSA,Masculino,1979.0,ARGENTINA,100,34,ARG,26900
26900,TRANSFERENCIA NACIONAL,2023-05-04,2023-01-30,9006,FORMOSA Nº 4,Formosa,Nacional,2023.0,20,PICK-UP,53,VOLKSWAGEN,8W,AMAROK COMFORTLINE 4X4 AUT V6 3.0L 258 CV,1.0,Privado,Física,SAN CARLOS,FORMOSA,Masculino,1991.0,ARGENTINA,100,34,ARG,26901
26902,TRANSFERENCIA NACIONAL,2023-05-29,2023-02-28,9005,FORMOSA Nº 3,Formosa,Nacional,2022.0,20,PICK-UP,68,TOYOTA,BR,HILUX 4X2 DC SR 2.4 TDI 6 MT,1.0,Privado,Física,FORMOSA,FORMOSA,Masculino,1981.0,ARGENTINA,100,34,ARG,26903
26903,TRANSFERENCIA NACIONAL,2023-05-10,2018-03-28,9006,FORMOSA Nº 4,Formosa,Nacional,2018.0,20,PICK-UP,19,FORD,ZG,RANGER DC 4X2 XL 2.2L D,1.0,Privado,Física,COLONIA PASTORIL,FORMOSA,Masculino,1971.0,ARGENTINA,100,34,ARG,26904
26905,TRANSFERENCIA NACIONAL,2023-05-15,2016-01-25,9004,FORMOSA Nº 2,Formosa,Nacional,2016.0,20,PICK-UP,68,TOYOTA,92,HILUX 4X4 D/C SRX 2.8 TDI 6 A/T,1.0,Privado,Física,FORMOSA,FORMOSA,Femenino,1991.0,ARGENTINA,100,34,ARG,26906
26906,TRANSFERENCIA NACIONAL,2023-05-17,2022-04-26,9004,FORMOSA Nº 2,Formosa,Nacional,2022.0,20,PICK-UP,68,TOYOTA,CM,HILUX 4X4 DC GR-S III 2.8 TDI 6 AT,1.0,Privado,Jurídica,FORMOSA,FORMOSA,No aplica,2010.0,No aplica,100,34,,26907
26914,TRANSFERENCIA NACIONAL,2023-05-15,2016-04-20,9004,FORMOSA Nº 2,Formosa,Nacional,2016.0,20,PICK-UP,53,VOLKSWAGEN,WH,AMAROK 2.0L TDI 140 CV 4X2 348,1.0,Privado,Física,INGENIERO JUAREZ,FORMOSA,Masculino,1970.0,ARGENTINA,100,34,ARG,26915
26917,TRANSFERENCIA NACIONAL,2023-05-15,2019-08-29,9004,FORMOSA Nº 2,Formosa,Nacional,2019.0,20,PICK-UP,53,VOLKSWAGEN,7D,AMAROK DC TDI 140 CV M 4X2 EU5,1.0,Privado,Física,LAS LOMITAS,FORMOSA,Femenino,1943.0,ARGENTINA,100,34,ARG,26918
42844,TRANSFERENCIA NACIONAL,2023-05-30,2016-10-11,9005,FORMOSA Nº 3,Formosa,Nacional,2016.0,17,SEDAN 5 PUERTAS,17,FIAT,AY,PALIO (326) ATTRACTIVE 5P 1.4 8V,1.0,Privado,Física,FORMOSA,FORMOSA,Femenino,1987.0,ARGENTINA,100,34,ARG,42845
42849,TRANSFERENCIA NACIONAL,2023-05-16,2020-02-18,9006,FORMOSA Nº 4,Formosa,Nacional,2020.0,17,SEDAN 5 PUERTAS,80,HONDA,12,HR-V EX CVT,1.0,Privado,Física,FORMOSA,FORMOSA,Masculino,1957.0,ARGENTINA,100,34,ARG,42850
42853,TRANSFERENCIA NACIONAL,2023-05-11,2019-01-24,9005,FORMOSA Nº 3,Formosa,Nacional,2019.0,17,SEDAN 5 PUERTAS,53,VOLKSWAGEN,ZM,SURAN 1.6 5D 212,1.0,Privado,Física,FORMOSA,FORMOSA,Femenino,1982.0,ARGENTINA,100,34,ARG,42854
42868,TRANSFERENCIA NACIONAL,2023-05-02,2016-01-14,9004,FORMOSA Nº 2,Formosa,Nacional,2016.0,17,SEDAN 5 PUERTAS,17,FIAT,CC,PALIO FIRE 1.4 5P,1.0,Privado,Física,FORMOSA,FORMOSA,Masculino,1981.0,ARGENTINA,100,34,ARG,42869
42880,TRANSFERENCIA NACIONAL C/PEDIDO,2023-05-10,2016-09-29,9001,CLORINDA,Formosa,Nacional,2016.0,17,SEDAN 5 PUERTAS,80,HONDA,12,HR-V EX CVT,1.0,Privado,Física,CLORINDA,FORMOSA,Masculino,1993.0,ARGENTINA,100,34,ARG,42881
42907,TRANSFERENCIA NACIONAL C/PEDIDO,2023-05-17,2016-01-08,9001,CLORINDA,Formosa,Nacional,2016.0,17,SEDAN 5 PUERTAS,34,PEUGEOT,NG,308 ALLURE 1.6,1.0,Privado,Física,LAGUNA NAICK NECK,FORMOSA,Masculino,1999.0,ARGENTINA,100,34,ARG,42908
42917,TRANSFERENCIA NACIONAL,2023-05-29,2017-05-03,9005,FORMOSA Nº 3,Formosa,Nacional,2017.0,17,SEDAN 5 PUERTAS,53,VOLKSWAGEN,XH,SURAN 1.6 5D 060,1.0,Privado,Física,FORMOSA,FORMOSA,Masculino,1970.0,PARAGUAY,100,34,PRY,42918
42932,TRANSFERENCIA NACIONAL,2023-05-18,2016-10-11,9005,FORMOSA Nº 3,Formosa,Nacional,2016.0,17,SEDAN 5 PUERTAS,17,FIAT,AY,PALIO (326) ATTRACTIVE 5P 1.4 8V,1.0,Privado,Física,FORMOSA,FORMOSA,Femenino,1984.0,ARGENTINA,100,34,ARG,42933
42936,TRANSFERENCIA NACIONAL  DE COM. HAB. C/PEDIDO,2023-05-23,2019-02-21,9004,FORMOSA Nº 2,Formosa,Nacional,2019.0,17,SEDAN 5 PUERTAS,80,HONDA,11,HR-V EXL CVT,1.0,Privado,Física,FORMOSA,FORMOSA,Femenino,1982.0,ARGENTINA,100,34,ARG,42937
42952,TRANSFERENCIA NACIONAL,2023-05-31,2023-05-24,9004,FORMOSA Nº 2,Formosa,Nacional,2023.0,17,SEDAN 5 PUERTAS,37,RENAULT,3U,SANDERO PH2 ZEN 1.6,1.0,Privado,Física,FORMOSA,FORMOSA,Masculino,1969.0,ARGENTINA,100,34,ARG,42953
42955,TRANSFERENCIA NACIONAL,2023-05-31,2016-02-19,9004,FORMOSA Nº 2,Formosa,Nacional,2016.0,17,SEDAN 5 PUERTAS,17,FIAT,CC,PALIO FIRE 1.4 5P,1.0,Privado,Física,FORMOSA,FORMOSA,Masculino,1975.0,ARGENTINA,100,34,ARG,42956
42981,TRANSFERENCIA NACIONAL,2023-05-23,2023-04-14,9003,FORMOSA Nº 1,Formosa,Nacional,2023.0,17,SEDAN 5 PUERTAS,37,RENAULT,3V,SANDERO PH2 LIFE 1.6,1.0,Privado,Física,ESTANISLAO DEL CAMPO,FORMOSA,Femenino,1948.0,ARGENTINA,100,34,ARG,42982
42986,TRANSFERENCIA NACIONAL,2023-05-10,2023-04-26,9004,FORMOSA Nº 2,Formosa,Nacional,2023.0,17,SEDAN 5 PUERTAS,37,RENAULT,3G,KANGOO II STEPWAY 1.6 SCE,1.0,Privado,Jurídica,FORMOSA,FORMOSA,No aplica,1971.0,No aplica,100,34,,42987
42995,TRANSFERENCIA NACIONAL,2023-05-30,2017-08-28,9006,FORMOSA Nº 4,Formosa,Nacional,2017.0,17,SEDAN 5 PUERTAS,17,FIAT,AY,PALIO (326) ATTRACTIVE 5P 1.4 8V,1.0,Privado,Física,FORMOSA,FORMOSA,Femenino,1987.0,ARGENTINA,100,34,ARG,42996
43002,TRANSFERENCIA NACIONAL,2023-05-18,2023-05-16,9004,FORMOSA Nº 2,Formosa,Nacional,2023.0,17,SEDAN 5 PUERTAS,37,RENAULT,4T,STEPWAY PH2 ZEN 1.6,1.0,Privado,Física,FORMOSA,FORMOSA,Femenino,1948.0,ARGENTINA,100,34,ARG,43003
43015,TRANSFERENCIA NACIONAL,2023-05-17,2020-02-21,9002,EL COLORADO,Formosa,Nacional,2020.0,17,SEDAN 5 PUERTAS,34,PEUGEOT,PN,308 FELINE 1.6 HDI AM20,1.0,Privado,Física,GRAL JOSE DE SAN MARTIN,FORMOSA,Masculino,1974.0,ARGENTINA,100,34,ARG,43016
43031,TRANSFERENCIA NACIONAL,2023-05-05,2016-01-05,9005,FORMOSA Nº 3,Formosa,Nacional,2016.0,17,SEDAN 5 PUERTAS,17,FIAT,BN,PALIO (326) ESSENCE 5P 1.6 16V,1.0,Privado,Física,FORMOSA,FORMOSA,Femenino,1982.0,ARGENTINA,100,34,ARG,43032
43052,TRANSFERENCIA NACIONAL,2023-05-03,2016-04-05,9005,FORMOSA Nº 3,Formosa,Nacional,2016.0,17,SEDAN 5 PUERTAS,17,FIAT,AY,PALIO (326) ATTRACTIVE 5P 1.4 8V,1.0,Privado,Física,FORMOSA,FORMOSA,Masculino,2002.0,ARGENTINA,100,34,ARG,43053
61835,TRANSFERENCIA NACIONAL,2023-05-08,2022-09-30,9006,FORMOSA Nº 4,Formosa,Nacional,2022.0,14,RURAL 4/5 PUERTAS,53,VOLKSWAGEN,8E,TAOS COMFORTLINE 250 TSI AT,1.0,Privado,Física,FORMOSA,FORMOSA,Femenino,1988.0,ARGENTINA,100,34,ARG,61836
61839,TRANSFERENCIA NACIONAL C/PEDIDO,2023-05-03,2023-01-09,9005,FORMOSA Nº 3,Formosa,Nacional,2023.0,14,RURAL 4/5 PUERTAS,53,VOLKSWAGEN,8E,TAOS COMFORTLINE 250 TSI AT,1.0,Privado,Física,FORMOSA,FORMOSA,Femenino,1986.0,ARGENTINA,100,34,ARG,61840
63374,TRANSFERENCIA NACIONAL,2023-05-17,2017-05-16,9006,FORMOSA Nº 4,Formosa,Nacional,2017.0,12,SEDAN 4 PUERTAS,19,FORD,XJ,FOCUS 4P 2.0L N AT TITANIUM,1.0,Privado,Física,GENERAL MANUEL BELGRANO,FORMOSA,Masculino,1982.0,ARGENTINA,100,34,ARG,63375
63379,TRANSFERENCIA NACIONAL,2023-05-18,2016-09-21,9002,EL COLORADO,Formosa,Nacional,2016.0,12,SEDAN 4 PUERTAS,08,CHEVROLET,DX,CLASSIC 4 P LS ABS+AIRBAG 1.4N,1.0,Privado,Física,PIRANE,FORMOSA,Masculino,1999.0,ARGENTINA,100,34,ARG,63380
63387,TRANSFERENCIA NACIONAL,2023-05-22,2021-08-25,9004,FORMOSA Nº 2,Formosa,Nacional,2021.0,12,SEDAN 4 PUERTAS,17,FIAT,CJ,CRONOS DRIVE 1.3 MT,1.0,Privado,Física,FORMOSA,FORMOSA,Femenino,1985.0,ARGENTINA,100,34,ARG,63388
63391,TRANSFERENCIA NACIONAL,2023-05-10,2017-04-21,9006,FORMOSA Nº 4,Formosa,Nacional,2017.0,12,SEDAN 4 PUERTAS,07,CITROEN,EG,C4 LOUNGE THP 165 AT6 SHINE,1.0,Privado,Física,LAGUNA YEMA,FORMOSA,Masculino,1993.0,ARGENTINA,100,34,ARG,63392
63393,TRANSFERENCIA NACIONAL,2023-05-12,2016-01-27,9004,FORMOSA Nº 2,Formosa,Nacional,2016.0,12,SEDAN 4 PUERTAS,08,CHEVROLET,DX,CLASSIC 4 P LS ABS+AIRBAG 1.4N,1.0,Privado,Física,FORMOSA,FORMOSA,Masculino,2004.0,ARGENTINA,100,34,ARG,63394
63398,TRANSFERENCIA NACIONAL,2023-05-18,2022-10-06,9001,CLORINDA,Formosa,Nacional,2022.0,12,SEDAN 4 PUERTAS,37,RENAULT,3R,LOGAN PH2 LIFE 1.6,1.0,Privado,Física,CLORINDA,FORMOSA,Masculino,1948.0,ARGENTINA,100,34,ARG,63399
63416,TRANSFERENCIA NACIONAL,2023-05-18,2022-05-12,9003,FORMOSA Nº 1,Formosa,Nacional,2022.0,12,SEDAN 4 PUERTAS,08,CHEVROLET,FF,CRUZE 4P 1.4T MIDNIGHT AT,1.0,Privado,Física,JUAN JOSE CASTELLI,FORMOSA,Femenino,1979.0,ARGENTINA,100,34,ARG,63417
63420,TRANSFERENCIA NACIONAL,2023-05-03,2022-07-29,9001,CLORINDA,Formosa,Nacional,2022.0,12,SEDAN 4 PUERTAS,37,RENAULT,3R,LOGAN PH2 LIFE 1.6,1.0,Privado,Física,GENERAL MOSCONI,FORMOSA,Femenino,1984.0,ARGENTINA,100,34,ARG,63421
63426,TRANSFERENCIA NACIONAL,2023-05-31,2022-09-28,9006,FORMOSA Nº 4,Formosa,Nacional,2022.0,12,SEDAN 4 PUERTAS,17,FIAT,CR,CRONOS DRIVE 1.3 GSE CVT BZ,1.0,Privado,Física,FORMOSA,FORMOSA,Femenino,1959.0,ARGENTINA,100,34,ARG,63427
63435,TRANSFERENCIA NACIONAL,2023-05-18,2016-09-02,9005,FORMOSA Nº 3,Formosa,Nacional,2016.0,12,SEDAN 4 PUERTAS,07,CITROEN,CR,C4 LOUNGE 143 ORIGINE AM16,1.0,Privado,Física,FORMOSA,FORMOSA,Femenino,1945.0,ARGENTINA,100,34,ARG,63436
63440,TRANSFERENCIA NACIONAL,2023-05-24,2020-08-24,9005,FORMOSA Nº 3,Formosa,Nacional,2020.0,12,SEDAN 4 PUERTAS,17,FIAT,CJ,CRONOS DRIVE 1.3 MT,1.0,Privado,Física,FORMOSA,FORMOSA,Femenino,1972.0,ARGENTINA,100,34,ARG,63441
63444,TRANSFERENCIA NACIONAL,2023-05-03,2023-04-26,9004,FORMOSA Nº 2,Formosa,Nacional,2023.0,12,SEDAN 4 PUERTAS,37,RENAULT,3T,LOGAN PH2 INTENS 1.6,1.0,Privado,Física,FORMOSA,FORMOSA,Masculino,1963.0,ARGENTINA,100,34,ARG,63445
63453,TRANSFERENCIA NACIONAL C/PEDIDO,2023-05-12,2022-10-31,9006,FORMOSA Nº 4,Formosa,Nacional,2022.0,12,SEDAN 4 PUERTAS,17,FIAT,CN,CRONOS 1.3 GSE BZ,1.0,Privado,Física,FORMOSA,FORMOSA,Masculino,1981.0,ARGENTINA,100,34,ARG,63454
63456,TRANSFERENCIA NACIONAL,2023-05-29,2016-09-02,9005,FORMOSA Nº 3,Formosa,Nacional,2016.0,12,SEDAN 4 PUERTAS,07,CITROEN,CR,C4 LOUNGE 143 ORIGINE AM16,1.0,Privado,Física,FORMOSA,FORMOSA,Femenino,1975.0,ARGENTINA,100,34,ARG,63457
